{"threshold": 0.8500000000000001, "binary_threshold": 0.6500000000000001}